feature,mean_abs_lime_weight
cp,0.16975752475891812
ca,0.15358050385274918
thal,0.14508379988153267
exang,0.10045889609362216
sex,0.0879102202642563
oldpeak,0.07302290789250093
thalach,0.06528909680574087
slope,0.047570944629341874
age,0.029546500316686368
chol,0.02326935072128839
restecg,0.021051175824282325
trestbps,0.006379918922433722
fbs,0.004213038451026767
