{
  "deployment_model": "RandomForest",
  "accuracy": 0.7704918032786885,
  "precision": 0.7878787878787878,
  "recall": 0.7878787878787878,
  "f1": 0.7878787878787878,
  "roc_auc": 0.8625541125541126,
  "pr_auc": 0.8843085731913309,
  "brier": 0.14917261391188671,
  "cv_roc_auc_mean": 0.9156796135962804,
  "cv_roc_auc_std": 0.013482086742135515,
  "rows_used": 302,
  "comparison_rows": 3
}