model,cv_roc_auc_mean,cv_roc_auc_std,test_accuracy,test_precision,test_recall,test_f1,test_roc_auc,test_pr_auc,test_brier,cv_test_roc_auc_gap,best_params
LogisticRegression,0.915928515928516,0.038572121720948364,0.7868852459016393,0.7941176470588235,0.8181818181818182,0.8059701492537313,0.8820346320346321,0.9011193874993286,0.1434546691158374,0.033893883893883925,"{""model__C"": 0.1, ""model__class_weight"": ""balanced"", ""model__solver"": ""lbfgs""}"
GradientBoosting,0.9128075628075628,0.051291887116314334,0.7868852459016393,0.7941176470588235,0.8181818181818182,0.8059701492537313,0.8733766233766235,0.8967813410192147,0.14520960011730308,0.03943093943093934,"{""learning_rate"": 0.03, ""max_depth"": 2, ""min_samples_leaf"": 2, ""n_estimators"": 100, ""subsample"": 0.8}"
RandomForest,0.914892514892515,0.046372884344750995,0.7704918032786885,0.7878787878787878,0.7878787878787878,0.7878787878787878,0.8625541125541126,0.8843085731913309,0.14917261391188671,0.05233840233840237,"{""class_weight"": ""balanced"", ""max_depth"": 5, ""min_samples_leaf"": 2, ""min_samples_split"": 5, ""n_estimators"": 400}"
